{"cameraMode":{"drawMode":0,"name":"Shaded","section":"Shading Mode"},"sceneLighting":false,"audioPlay":false,"sceneViewState":{"showFog":true,"showMaterialUpdate":false,"showSkybox":false,"showFlares":true,"showImageEffects":true,"showParticleSystems":true},"in2DMode":false,"pivot":{"x":-0.03843933343887329,"y":0.7934907674789429,"z":0.10112662613391876},"rotation":{"x":-0.00032314963755197823,"y":-0.998664140701294,"z":0.05128626152873039,"w":-0.006292347796261311},"size":4.8406147956848148,"orthographic":false}